Latitude,Longitude,Neighbourhood
28.626067550000002,77.2250111,"Agrasen Ki Baoli, Delhi"
28.61288,77.2296338,"Amar Jawan Jyoti, Delhi"
28.641115,77.3125024,"Anand Vihar, Delhi"
28.6488509,77.3155003,"Anand Vihar Terminal railway station, Delhi"
28.6288408,77.2458811829139,"Architecture of Delhi, Delhi"
28.637731549999998,77.24309341201518,"Arun Jaitley Stadium, Delhi"
28.6360207,77.101822,"Ashok Nagar (Delhi), Delhi"
28.4931698,77.3030239,"Badarpur, Delhi, Delhi"
28.6541384,77.128178,"Bali Nagar, Delhi"
28.5930863,77.22035612139237,"Bara Gumbad, Delhi"
28.5924658,77.242523,"Barakhamba, Delhi"
28.6273988,77.2288941,"Barakhamba Road, Delhi"
28.54843765,77.18147936338744,"Ber Sarai, Delhi"
28.69854835,77.21939141568413,"Central Delhi, Delhi"
28.6772691,77.19815033436757,"Central Delhi district, Delhi"
28.5946775,77.1885212,"Chanakyapuri, Delhi"
28.6559834,77.2321937,"Chandni Chowk, Delhi"
28.6501706,77.2294377,"Chawri Bazar, Delhi"
28.5387523,77.2492493451557,"Chittaranjan Park, Delhi"
28.5477003,77.2056118,"Chor Minar, Delhi"
28.6768508,77.2250299,"Civil Lines, Delhi, Delhi"
28.6313827,77.2197924,"Connaught Place, New Delhi, Delhi"
28.6107697,77.09110590789903,"Dabri, New Delhi, Delhi"
28.64609,77.243048,"Daryaganj, Delhi"
28.5621997,77.2476131,"Dayanand Colony, Delhi"
28.6517178,77.2219388,"Delhi, Delhi"
28.593833099999998,77.13497891459929,"Delhi Cantonment, Delhi"
28.62761545,77.24603345,"Delhi Development Authority, Delhi"
28.6087639,77.23643460028569,"Delhi High Court, Delhi"
28.68696475,77.2237271019374,"Delhi Legislative Assembly, Delhi"
28.5250613,77.2924652,"Delhi Metro, Delhi"
28.6627515,77.1852561,"Delhi Sarai Rohilla railway station, Delhi"
28.55088765,77.25619156829529,"Delhi Stock Exchange, Delhi"
28.6740776,77.28759577913218,"Delhi Transport Corporation, Delhi"
28.6997662,77.19006005600144,"Derawal Nagar, Delhi"
28.5918905,77.1617034,"Dhaula Kuan, Delhi"
28.573215,77.20738962830352,"Dilli Haat, Delhi"
28.63915665,77.24223267001065,"Dr. Ambedkar Stadium (New Delhi), Delhi"
28.5000822,77.26751472410736,"Dr. Karni Singh Shooting Range, Delhi"
28.577813,77.05824058939778,"Dwarka, Delhi, Delhi"
28.6204767,77.30918071344418,"East Delhi, Delhi"
28.6383969,77.28639609589378,"East Delhi district, Delhi"
28.6227661,77.3075035,"East Vinod Nagar, Delhi"
28.5841578,77.175441,"Education in Delhi, Delhi"
28.402837,77.3085626,"Faridabad, Delhi"
28.4531749,77.01532870904458,"Gandhi Nagar, Delhi, Delhi"
28.5303586,77.2020662,"Geetanjali Enclave, Delhi"
28.63371865,77.20562662098214,"Gole Market, Delhi"
28.59453645,76.90874302516838,"Government of Delhi, Delhi"
28.5555374,77.2024966,"Green Park, Delhi, Delhi"
28.5571011,77.2130055,"Gulmohar Park, Delhi"
28.42826235,77.00270014657752,"Gurgaon, Delhi"
28.4646148,77.0299194,"Gurugram, Delhi"
28.53032295,77.21403307373464,"Hauz-i-Shamsi, Delhi"
28.6267974,77.2315174,"History of Delhi, Delhi"
28.59327735,77.2506829943026,"""Humayun's Tomb, Delhi"""
28.5772814,77.2126489,"INA Colony, Delhi"
28.44099945,77.06272618417123,"ISKCON Temple Delhi, Delhi"
28.612925150000002,77.22954465819639,"India Gate, Delhi"
28.6311624,77.24955443944062,"Indira Gandhi Arena, Delhi"
28.55489735,77.08467458266915,"Indira Gandhi International Airport, Delhi"
28.5144248,77.1786639,"Jahaz Mahal, Delhi"
28.6506822,77.23296096363757,"Jama Masjid, Delhi, Delhi"
28.6219272,77.0874757,"Janakpuri, Delhi"
28.582457050000002,77.2415000727384,"Jangpura, Delhi"
28.627201999999997,77.2163845064627,"Jantar Mantar, New Delhi, Delhi"
28.58337705,77.23354040287734,"Jawaharlal Nehru Stadium (Delhi), Delhi"
28.6698142,77.3072827,"Jhilmil Colony, Delhi"
28.5370703,77.2618051,"Kalkaji, Delhi"
28.638212199999998,77.21639942575412,"Karnail Singh Stadium, Delhi"
28.6529982,77.1890227,"Karol Bagh, Delhi"
28.5127982,77.2323949,"Khanpur, Delhi, Delhi"
28.6571123,77.2210724,"Khari Baoli, Delhi"
28.6532807,77.1417729,"Kirti Nagar, Delhi"
28.5792615,77.2440325,"Lajpat Nagar, Delhi"
28.6305526,77.277575,"Laxmi Nagar (Delhi), Delhi"
28.5178095,77.2796714,"""Lutyens' Delhi, Delhi"""
28.612634200000002,77.23733038046025,"Major Dhyan Chand National Stadium, Delhi"
28.5339201,77.2124474,"Malviya Nagar (Delhi), Delhi"
28.6252818,77.1209701,"Mayapuri, Delhi"
28.658844000000002,77.09084750605237,"Meera Bagh, Delhi"
28.5218262,77.1783232,"Mehrauli, Delhi"
28.7027136,77.1939912,"Model Town (Delhi), Delhi"
28.664203,77.2237393,"Mori Gate; Delhi, Delhi"
28.5626453,77.21796814415666,"Moth ki Masjid, Delhi"
28.657859,77.1424288,"Moti Nagar (New Delhi), Delhi"
28.554886,77.1710841,"Munirka, Delhi"
28.612304,76.9823908,"Najafgarh, Delhi"
28.6273928,77.1716954,"National Capital Territory of Delhi, Delhi"
28.603532350000002,77.19381625,"National Police Memorial (India), Delhi"
28.61271195,77.2330837301069,"National War Memorial (India), Delhi"
28.6773386,77.2860157,"Naveen Shahdara, Delhi"
28.54925735,77.25295199508821,"Nehru Place, Delhi"
28.5755823,77.1861626,"Netaji Nagar, Delhi, Delhi"
28.5671008,77.2697643,"New Friends Colony, Delhi"
28.591367050000002,77.24198072598155,"Nizamuddin Dargah, Delhi"
28.5896671,77.2503854,"Nizamuddin East, Delhi"
28.588365,77.2449546,"Nizamuddin West, Delhi"
28.694786450000002,77.14471173091397,"North West Delhi district, Delhi"
28.5636616,77.2890546,"Okhla, Delhi"
28.6576937,77.22893,"Old Delhi, Delhi"
28.6414989,77.2140607,"Paharganj, Delhi"
28.6500237,77.1536755,"Pandav Nagar, Delhi"
28.6171875,77.20780819707952,"Parliament of India, Delhi"
28.6695782,77.095956,"Paschim Vihar, Delhi"
28.6115923,77.2905644,"Patparganj, Delhi"
28.7032676,77.1322497,"Pitam Pura, Delhi"
28.6234752,77.2425278,"Pragati Maidan, Delhi"
28.6414409,77.2952594,"Preet Vihar, Delhi"
28.668945,77.1324614,"Punjabi Bagh, Delhi"
28.6092855,77.2435969,"Purana Qila, Delhi"
28.524413,77.18545014156862,"Qutb Minar complex, Delhi"
28.6142263,77.2039446,"Raisina Hill, Delhi"
28.6397317,77.1834115,"Rajendra Nagar, Delhi, Delhi"
28.6451121,77.1239332,"Rajouri Garden, Delhi"
28.6131425,77.2247645,"Rajpath, Delhi"
28.5755607,77.17230336809229,"Rama Krishna Puram, Delhi"
28.6919577,77.28916663418302,"Ramlila Maidan, Delhi"
28.614359450000002,77.19960101014068,"Rashtrapati Bhavan, Delhi"
28.65608095,77.24079592327321,"Red Fort, Delhi"
28.7162092,77.1170743,"Rohini, Delhi, Delhi"
28.5771509,77.1111533,"Sadar Bazaar, Delhi, Delhi"
28.5929662,77.210903,"Safdarjung (Delhi), Delhi"
28.5851893,77.20624264329132,"Safdarjung Airport, Delhi"
28.5656419,77.1934382,"Safdarjung Enclave, Delhi"
28.503746,77.21607253402124,"Sainik Farm, Delhi"
28.5244107,77.2137253,"Saket (Delhi), Delhi"
28.66099535,77.24265572104235,"Salimgarh Fort, Delhi"
28.49770245,77.23917410450832,"Sangam Vihar, Delhi"
28.6678728,77.1902673,"Sarai Rohilla, Delhi"
28.5285737,77.2883311,"Sarita Vihar, Delhi"
28.5741575,77.1953703,"Sarojini Nagar, Delhi"
28.5374783,77.2020888,"Sarvodaya Enclave, Delhi"
28.6733333,77.2890248,"Shahdara, Delhi"
28.5483303,77.214104,"Shahpur Jat, Delhi"
28.67979,77.1949142,"Shakti Nagar, Delhi, Delhi"
28.71745265,77.15086654617409,"Shalimar Bagh, Delhi, Delhi"
28.6700885,77.1818589,"Shastri Nagar (Delhi), Delhi"
28.6684339,77.2505301,"Shastri Park, Delhi"
28.59372845,77.22017915,"Shish Gumbad, Delhi"
28.651657,77.1217027,"Shivaji Place, Delhi"
28.65035795,77.18463072776879,"Shopping in Delhi, Delhi"
28.5521464,77.2246983,"Siri Fort, Delhi"
28.5519201,77.21927699844986,"Siri Fort Sports Complex, Delhi"
28.485169399999997,77.19637972381611,"South Delhi, Delhi"
28.52810145,77.21903454737563,"South Delhi district, Delhi"
28.539260300000002,77.28660623394612,"South East Delhi district, Delhi"
28.568501,77.2200087,"South Extension, Delhi"
28.58644805,76.97915298462692,"South West Delhi, Delhi"
28.586866649999997,77.0520928216624,"South West Delhi district, Delhi"
28.6711707,77.3137183,"Sport in Delhi, Delhi"
28.5652204,77.2547041,"Sriniwaspuri, Delhi"
28.61893,76.961584,"Sundar Nagar, Delhi, Delhi"
28.6223219,77.19299355686726,"Talkatora Stadium, Delhi"
28.60259435,77.19878110123034,"Teen Murti Bhavan, Delhi"
28.63964975,77.09403946346426,"Tilak Nagar (Delhi), Delhi"
28.70126285,77.21867953631201,"Timarpur, Delhi"
28.6671626,77.2166306,"Tis Hazari, Delhi"
28.6287517,77.2197223,"Tourism in Delhi, Delhi"
28.7088535,77.17356829253961,"Transport in Delhi, Delhi"
28.5111925,77.2623265,"Tughlaqabad, Delhi"
28.5292495,77.1541335,"Vasant Kunj, Delhi"
28.638419050000003,77.07083614685489,"Vikaspuri, Delhi"
28.433762,77.0877572,"Wazirabad, Delhi, Delhi"
28.6479519,77.08556541088615,"West Delhi, Delhi"
28.629282850000003,77.0804828,"West Delhi district, Delhi"
28.6519279,77.162923,"West Patel Nagar, Delhi"
28.6635715,77.31182552880594,"Yamuna Sports Complex, Delhi"
28.700372,77.2727728,"Yamuna Vihar, Delhi"
28.5257019,77.1822181,"Yogmaya Temple, Delhi"
